,label_start,label_end,label
0,1.528912493297164e+18,1.52891328e+18,running
1,1.52891328e+18,1.5289137e+18,exercising
2,1.5289137e+18,1.52891418e+18,running
3,1.52891418e+18,1.52891448e+18,jogging
4,1.52891448e+18,1.528914981721686e+18,sitting
